"Table 1. Per Capita Personal Income, by County, 2020–2022",
,
,
,2022
United States,"65,470"
,
Alabama,"50,916"
Autauga,"49,391"
Baldwin,"56,747"
Barbour,"40,560"
Bibb,"37,513"
Blount,"43,744"
Bullock,"31,394"
Butler,"46,916"
Calhoun,"42,533"
Chambers,"38,876"
Cherokee,"44,883"
Chilton,"42,231"
Choctaw,"46,440"
Clarke,"45,179"
Clay,"39,876"
Cleburne,"44,235"
Coffee,"50,729"
Colbert,"44,061"
Conecuh,"40,376"
Coosa,"39,617"
Covington,"41,543"
Crenshaw,"47,882"
Cullman,"49,122"
Dale,"43,969"
Dallas,"41,812"
DeKalb,"40,558"
Elmore,"49,071"
Escambia,"38,838"
Etowah,"42,951"
Fayette,"42,036"
Franklin,"42,060"
Geneva,"41,283"
Greene,"38,104"
Hale,"43,219"
Henry,"52,045"
Houston,"51,096"
Jackson,"43,275"
Jefferson,"66,345"
Lamar,"39,200"
Lauderdale,"45,107"
Lawrence,"41,522"
Lee,"46,691"
Limestone,"53,944"
Lowndes,"46,639"
Macon,"38,135"
Madison,"61,252"
Marengo,"46,799"
Marion,"42,330"
Marshall,"45,892"
Mobile,"47,586"
Monroe,"41,177"
Montgomery,"49,199"
Morgan,"46,203"
Perry,"38,292"
Pickens,"42,664"
Pike,"46,766"
Randolph,"42,590"
Russell,"38,452"
St. Clair,"48,058"
Shelby,"67,405"
Sumter,"38,538"
Talladega,"41,231"
Tallapoosa,"48,764"
Tuscaloosa,"41,232"
Walker,"46,698"
Washington,"43,656"
Wilcox,"39,881"
Winston,"43,785"
,
Alaska,"68,635"
Aleutians East Borough,"63,878"
Aleutians West Census Area,"69,259"
Anchorage Municipality,"75,506"
Bethel Census Area,"48,700"
Bristol Bay Borough,"157,546"
Chugach Census Area,"70,721"
Copper River Census Area,"60,227"
Denali Borough,"120,674"
Dillingham Census Area,"60,904"
Fairbanks North Star Borough,"67,790"
Haines Borough,"85,663"
Hoonah-Angoon Census Area,"66,897"
Juneau City and Borough,"78,632"
Kenai Peninsula Borough,"61,262"
Ketchikan Gateway Borough,"72,997"
Kodiak Island Borough,"71,593"
Kusilvak Census Area,"36,672"
Lake and Peninsula Borough,"67,312"
Matanuska-Susitna Borough,"58,048"
Nome Census Area,"61,962"
North Slope Borough,"74,651"
Northwest Arctic Borough,"55,286"
Petersburg Borough,"73,152"
Prince of Wales-Hyder Census Area,"53,173"
Sitka City and Borough,"80,252"
Skagway Municipality,"75,545"
Southeast Fairbanks Census Area,"60,361"
Wrangell City and Borough,"60,959"
Yakutat City and Borough,"64,037"
Yukon-Koyukuk Census Area,"65,096"
,
Arizona,"58,442"
Apache,"45,633"
Cochise,"50,195"
Coconino,"58,933"
Gila,"50,505"
Graham,"40,981"
Greenlee,"54,219"
La Paz,"53,997"
Maricopa,"63,461"
Mohave,"44,645"
Navajo,"42,096"
Pima,"54,464"
Pinal,"45,950"
Santa Cruz,"47,898"
Yavapai,"51,747"
Yuma,"44,811"
,
Arkansas,"52,618"
Arkansas,"57,819"
Ashley,"44,693"
Baxter,"44,402"
Benton,"98,822"
Boone,"42,367"
Bradley,"48,740"
Calhoun,"47,021"
Carroll,"41,731"
Chicot,"45,390"
Clark,"42,339"
Clay,"43,534"
Cleburne,"48,466"
Cleveland,"51,226"
Columbia,"45,298"
Conway,"47,384"
Craighead,"46,373"
Crawford,"41,735"
Crittenden,"44,072"
Cross,"41,096"
Dallas,"47,046"
Desha,"48,207"
Drew,"46,516"
Faulkner,"48,161"
Franklin,"42,047"
Fulton,"34,007"
Garland,"48,507"
Grant,"45,847"
Greene,"41,559"
Hempstead,"42,949"
Hot Spring,"37,659"
Howard,"47,291"
Independence,"44,216"
Izard,"34,660"
Jackson,"45,916"
Jefferson,"40,786"
Johnson,"35,505"
Lafayette,"49,687"
Lawrence,"42,271"
Lee,"35,818"
Lincoln,"33,042"
Little River,"41,691"
Logan,"40,841"
Lonoke,"48,433"
Madison,"44,395"
Marion,"36,718"
Miller,"39,978"
Mississippi,"43,455"
Monroe,"40,123"
Montgomery,"37,923"
Nevada,"40,501"
Newton,"37,835"
Ouachita,"48,100"
Perry,"44,265"
Phillips,"44,342"
Pike,"41,288"
Poinsett,"42,536"
Polk,"39,652"
Pope,"41,693"
Prairie,"43,530"
Pulaski,"61,575"
Randolph,"40,964"
St. Francis,"35,659"
Saline,"52,328"
Scott,"39,895"
Searcy,"33,616"
Sebastian,"48,381"
Sevier,"44,850"
Sharp,"43,728"
Stone,"36,857"
Union,"51,180"
Van Buren,"38,450"
Washington,"48,785"
White,"43,574"
Woodruff,"50,313"
Yell,"44,030"
,
California,"77,036"
Alameda,"97,754"
Alpine,"67,551"
Amador,"48,463"
Butte,"54,974"
Calaveras,"56,001"
Colusa,"55,502"
Contra Costa,"95,047"
Del Norte,"43,677"
El Dorado,"82,062"
Fresno,"50,549"
Glenn,"51,055"
Humboldt,"54,043"
Imperial,"45,188"
Inyo,"61,501"
Kern,"44,862"
Kings,"42,525"
Lake,"45,623"
Lassen,"40,700"
Los Angeles,"74,142"
Madera,"46,406"
Marin,"171,177"
Mariposa,"61,230"
Mendocino,"57,310"
Merced,"46,188"
Modoc,"56,559"
Mono,"65,296"
Monterey,"65,123"
Napa,"86,863"
Nevada,"72,759"
Orange,"83,553"
Placer,"81,791"
Plumas,"59,387"
Riverside,"51,415"
Sacramento,"61,558"
San Benito,"61,693"
San Bernardino,"49,270"
San Diego,"74,326"
San Francisco,"155,819"
San Joaquin,"54,183"
San Luis Obispo,"67,951"
San Mateo,"175,070"
Santa Barbara,"75,720"
Santa Clara,"144,399"
Santa Cruz,"86,365"
Shasta,"54,120"
Sierra,"47,877"
Siskiyou,"51,788"
Solano,"58,273"
Sonoma,"77,900"
Stanislaus,"51,015"
Sutter,"52,005"
Tehama,"47,315"
Trinity,"36,314"
Tulare,"47,295"
Tuolumne,"52,806"
Ventura,"76,375"
Yolo,"64,279"
Yuba,"48,204"
,
Colorado,"75,722"
Adams,"54,681"
Alamosa,"43,071"
Arapahoe,"76,304"
Archuleta,"55,120"
Baca,"45,659"
Bent,"32,978"
Boulder,"98,553"
Broomfield,"86,930"
Chaffee,"64,561"
Cheyenne,"52,629"
Clear Creek,"77,455"
Conejos,"43,300"
Costilla,"39,571"
Crowley,"22,240"
Custer,"50,780"
Delta,"47,593"
Denver,"112,290"
Dolores,"38,962"
Douglas,"99,168"
Eagle,"113,643"
Elbert,"76,264"
El Paso,"61,076"
Fremont,"42,499"
Garfield,"65,657"
Gilpin,"66,285"
Grand,"68,066"
Gunnison,"65,797"
Hinsdale,"61,084"
Huerfano,"49,407"
Jackson,"63,428"
Jefferson,"79,751"
Kiowa,"51,779"
Kit Carson,"43,807"
Lake,"51,963"
La Plata,"68,794"
Larimer,"67,849"
Las Animas,"44,498"
Lincoln,"34,678"
Logan,"49,736"
Mesa,"54,654"
Mineral,"67,889"
Moffat,"47,523"
Montezuma,"50,508"
Montrose,"50,848"
Morgan,"50,640"
Otero,"41,533"
Ouray,"88,190"
Park,"61,230"
Phillips,"48,096"
Pitkin,"217,482"
Prowers,"45,223"
Pueblo,"47,208"
Rio Blanco,"56,583"
Rio Grande,"54,513"
Routt,"119,278"
Saguache,"37,247"
San Juan,"53,172"
San Miguel,"138,635"
Sedgwick,"44,053"
Summit,"94,423"
Teller,"65,399"
Washington,"43,100"
Weld,"58,860"
Yuma,"44,948"
,
Connecticut,"82,938"
Fairfield,"125,185"
Hartford,"70,339"
Litchfield,"79,947"
Middlesex,"74,591"
New Haven,"64,829"
New London,"64,847"
Tolland,"61,498"
Windham,"53,504"
,
Delaware,"63,243"
Kent,"51,188"
New Castle,"66,397"
Sussex,"64,957"
,
District of Columbia,"95,970"
,
Florida,"64,806"
Alachua,"52,594"
Baker,"44,763"
Bay,"54,268"
Bradford,"41,551"
Brevard,"56,817"
Broward,"66,009"
Calhoun,"36,291"
Charlotte,"53,227"
Citrus,"45,330"
Clay,"53,695"
Collier,"131,160"
Columbia,"43,192"
DeSoto,"32,893"
Dixie,"35,138"
Duval,"56,168"
Escambia,"52,257"
Flagler,"60,291"
Franklin,"45,581"
Gadsden,"44,211"
Gilchrist,"42,176"
Glades,"31,410"
Gulf,"48,554"
Hamilton,"34,058"
Hardee,"34,968"
Hendry,"39,249"
Hernando,"46,591"
Highlands,"41,845"
Hillsborough,"59,515"
Holmes,"38,620"
Indian River,"105,250"
Jackson,"39,669"
Jefferson,"49,315"
Lafayette,"33,903"
Lake,"52,291"
Lee,"63,568"
Leon,"54,244"
Levy,"43,873"
Liberty,"32,522"
Madison,"40,728"
Manatee,"59,691"
Marion,"44,521"
Martin,"110,336"
Miami-Dade,"68,481"
Monroe,"119,138"
Nassau,"76,442"
Okaloosa,"59,966"
Okeechobee,"40,502"
Orange,"55,374"
Osceola,"44,344"
Palm Beach,"109,055"
Pasco,"52,601"
Pinellas,"68,642"
Polk,"43,223"
Putnam,"39,440"
St. Johns,"88,388"
St. Lucie,"52,363"
Santa Rosa,"57,440"
Sarasota,"84,035"
Seminole,"59,581"
Sumter,"69,224"
Suwannee,"41,655"
Taylor,"37,025"
Union,"26,536"
Volusia,"53,559"
Wakulla,"47,779"
Walton,"88,228"
Washington,"36,329"
,
Georgia,"56,589"
Appling,"43,602"
Atkinson,"36,622"
Bacon,"39,972"
Baker,"49,696"
Baldwin,"42,270"
Banks,"45,056"
Barrow,"46,980"
Bartow,"48,565"
Ben Hill,"38,598"
Berrien,"39,871"
Bibb,"46,196"
Bleckley,"41,038"
Brantley,"34,896"
Brooks,"39,500"
Bryan,"57,520"
Bulloch,"38,397"
Burke,"40,590"
Butts,"41,635"
Calhoun,"33,901"
Camden,"43,622"
Candler,"40,614"
Carroll,"50,475"
Catoosa,"42,316"
Charlton,"31,382"
Chatham,"56,682"
Chattahoochee,"36,305"
Chattooga,"37,055"
Cherokee,"66,230"
Clarke,"40,970"
Clay,"36,851"
Clayton,"32,831"
Clinch,"41,712"
Cobb,"69,932"
Coffee,"38,972"
Colquitt,"41,164"
Columbia,"58,889"
Cook,"38,956"
Coweta,"59,967"
Crawford,"40,218"
Crisp,"44,582"
Dade,"41,920"
Dawson,"61,067"
Decatur,"41,224"
DeKalb,"62,632"
Dodge,"36,210"
Dooly,"44,793"
Dougherty,"44,681"
Douglas,"43,652"
Early,"42,119"
Echols,"32,683"
Effingham,"48,223"
Elbert,"42,537"
Emanuel,"39,039"
Evans,"40,564"
Fannin,"49,594"
Fayette,"75,294"
Floyd,"44,126"
Forsyth,"79,382"
Franklin,"44,078"
Fulton,"100,614"
Gilmer,"45,291"
Glascock,"39,345"
Glynn,"60,033"
Gordon,"44,793"
Grady,"38,487"
Greene,"75,927"
Gwinnett,"50,866"
Habersham,"40,155"
Hall,"57,416"
Hancock,"35,521"
Haralson,"45,136"
Harris,"58,675"
Hart,"45,862"
Heard,"41,968"
Henry,"46,921"
Houston,"48,082"
Irwin,"42,351"
Jackson,"54,880"
Jasper,"47,429"
Jeff Davis,"36,710"
Jefferson,"41,525"
Jenkins,"36,807"
Johnson,"31,721"
Jones,"43,191"
Lamar,"43,734"
Lanier,"33,834"
Laurens,"42,791"
Lee,"52,032"
Liberty,"39,543"
Lincoln,"46,470"
Long,"39,887"
Lowndes,"43,907"
Lumpkin,"47,019"
McDuffie,"42,460"
McIntosh,"47,623"
Macon,"43,120"
Madison,"46,486"
Marion,"38,071"
Meriwether,"43,980"
Miller,"51,093"
Mitchell,"44,143"
Monroe,"54,195"
Montgomery,"37,167"
Morgan,"60,452"
Murray,"37,457"
Muscogee,"48,049"
Newton,"41,639"
Oconee,"79,902"
Oglethorpe,"47,054"
Paulding,"48,143"
Peach,"43,892"
Pickens,"60,616"
Pierce,"41,663"
Pike,"50,712"
Polk,"39,642"
Pulaski,"40,998"
Putnam,"54,458"
Quitman,"36,631"
Rabun,"52,393"
Randolph,"41,988"
Richmond,"42,289"
Rockdale,"41,230"
Schley,"43,455"
Screven,"39,929"
Seminole,"46,167"
Spalding,"41,959"
Stephens,"44,891"
Stewart,"35,666"
Sumter,"42,832"
Talbot,"46,351"
Taliaferro,"43,649"
Tattnall,"36,710"
Taylor,"38,099"
Telfair,"28,393"
Terrell,"45,283"
Thomas,"53,576"
Tift,"44,567"
Toombs,"41,673"
Towns,"47,620"
Treutlen,"36,373"
Troup,"44,692"
Turner,"36,913"
Twiggs,"44,484"
Union,"44,591"
Upson,"41,014"
Walker,"42,301"
Walton,"51,707"
Ware,"38,420"
Warren,"40,184"
Washington,"40,316"
Wayne,"37,869"
Webster,"39,491"
Wheeler,"23,545"
White,"49,331"
Whitfield,"45,299"
Wilcox,"33,327"
Wilkes,"52,916"
Wilkinson,"43,102"
Worth,"40,968"
,
Hawaii,"61,779"
Hawaii,"49,476"
Honolulu,"64,936"
Kauai,"56,697"
Maui + Kalawao,"60,376"
,
Idaho,"56,614"
Ada,"67,555"
Adams,"43,730"
Bannock,"47,457"
Bear Lake,"48,506"
Benewah,"43,568"
Bingham,"46,908"
Blaine,"165,640"
Boise,"53,627"
Bonner,"51,980"
Bonneville,"62,984"
Boundary,"45,392"
Butte,"53,691"
Camas,"61,839"
Canyon,"45,412"
Caribou,"48,447"
Cassia,"54,637"
Clark,"47,270"
Clearwater,"43,539"
Custer,"51,352"
Elmore,"43,302"
Franklin,"44,275"
Fremont (includes Yellowstone National Park),"46,611"
Gem,"46,896"
Gooding,"72,945"
Idaho,"44,315"
Jefferson,"45,376"
Jerome,"45,665"
Kootenai,"60,474"
Latah,"52,627"
Lemhi,"54,050"
Lewis,"60,480"
Lincoln,"51,693"
Madison,"27,836"
Minidoka,"47,934"
Nez Perce,"54,421"
Oneida,"46,699"
Owyhee,"48,250"
Payette,"48,642"
Power,"47,617"
Shoshone,"45,311"
Teton,"62,194"
Twin Falls,"49,019"
Valley,"64,666"
Washington,"43,417"
,
Illinois,"67,655"
Adams,"56,218"
Alexander,"48,741"
Bond,"45,366"
Boone,"55,513"
Brown,"46,761"
Bureau,"51,583"
Calhoun,"55,438"
Carroll,"51,788"
Cass,"50,030"
Champaign,"54,633"
Christian,"49,053"
Clark,"51,125"
Clay,"49,215"
Clinton,"58,868"
Coles,"52,162"
Cook,"72,847"
Crawford,"52,188"
Cumberland,"89,427"
DeKalb,"51,005"
De Witt,"57,270"
Douglas,"62,992"
DuPage,"88,588"
Edgar,"56,293"
Edwards,"49,808"
Effingham,"62,321"
Fayette,"44,553"
Ford,"64,367"
Franklin,"45,261"
Fulton,"47,964"
Gallatin,"54,579"
Greene,"53,359"
Grundy,"60,964"
Hamilton,"53,404"
Hancock,"56,127"
Hardin,"46,014"
Henderson,"57,521"
Henry,"56,099"
Iroquois,"57,391"
Jackson,"46,270"
Jasper,"56,506"
Jefferson,"47,153"
Jersey,"52,423"
Jo Daviess,"58,113"
Johnson,"39,362"
Kane,"63,889"
Kankakee,"51,048"
Kendall,"58,683"
Knox,"46,991"
Lake,"94,022"
LaSalle,"53,325"
Lawrence,"39,371"
Lee,"52,103"
Livingston,"56,782"
Logan,"48,267"
McDonough,"48,091"
McHenry,"65,807"
McLean,"58,178"
Macon,"56,774"
Macoupin,"51,047"
Madison,"55,991"
Marion,"50,032"
Marshall,"56,882"
Mason,"56,174"
Massac,"44,953"
Menard,"57,347"
Mercer,"59,186"
Monroe,"68,762"
Montgomery,"43,454"
Morgan,"50,027"
Moultrie,"75,225"
Ogle,"54,751"
Peoria,"57,356"
Perry,"42,923"
Piatt,"67,037"
Pike,"55,127"
Pope,"36,510"
Pulaski,"45,893"
Putnam,"66,956"
Randolph,"46,444"
Richland,"52,031"
Rock Island,"48,787"
St. Clair,"54,666"
Saline,"46,756"
Sangamon,"57,167"
Schuyler,"53,407"
Scott,"55,644"
Shelby,"52,615"
Stark,"62,672"
Stephenson,"52,846"
Tazewell,"56,509"
Union,"48,155"
Vermilion,"49,105"
Wabash,"52,172"
Warren,"55,383"
Washington,"60,586"
Wayne,"49,228"
White,"56,853"
Whiteside,"52,341"
Will,"63,653"
Williamson,"51,821"
Winnebago,"49,920"
Woodford,"63,221"
,
Indiana,"58,323"
Adams,"48,653"
Allen,"57,245"
Bartholomew,"61,920"
Benton,"53,842"
Blackford,"44,486"
Boone,"91,419"
Brown,"59,204"
Carroll,"50,551"
Cass,"47,473"
Clark,"53,321"
Clay,"44,425"
Clinton,"46,041"
Crawford,"41,391"
Daviess,"58,225"
Dearborn,"57,660"
Decatur,"52,101"
DeKalb,"54,957"
Delaware,"45,465"
Dubois,"65,721"
Elkhart,"58,570"
Fayette,"47,568"
Floyd,"61,081"
Fountain,"50,737"
Franklin,"55,675"
Fulton,"50,077"
Gibson,"54,959"
Grant,"48,108"
Greene,"50,930"
Hamilton,"95,757"
Hancock,"61,585"
Harrison,"54,202"
Hendricks,"60,249"
Henry,"46,443"
Howard,"47,388"
Huntington,"51,337"
Jackson,"49,379"
Jasper,"58,136"
Jay,"53,916"
Jefferson,"51,433"
Jennings,"49,178"
Johnson,"59,315"
Knox,"54,099"
Kosciusko,"57,607"
Lagrange,"55,816"
Lake,"53,127"
LaPorte,"49,992"
Lawrence,"52,325"
Madison,"46,466"
Marion,"66,500"
Marshall,"52,624"
Martin,"52,671"
Miami,"40,333"
Monroe,"54,400"
Montgomery,"49,943"
Morgan,"53,657"
Newton,"51,694"
Noble,"50,189"
Ohio,"54,446"
Orange,"45,724"
Owen,"49,407"
Parke,"50,080"
Perry,"44,250"
Pike,"47,625"
Porter,"63,557"
Posey,"59,170"
Pulaski,"55,004"
Putnam,"47,295"
Randolph,"51,450"
Ripley,"50,456"
Rush,"55,087"
St. Joseph,"56,688"
Scott,"44,229"
Shelby,"52,401"
Spencer,"54,253"
Starke,"41,967"
Steuben,"54,649"
Sullivan,"43,134"
Switzerland,"41,606"
Tippecanoe,"47,398"
Tipton,"51,703"
Union,"48,664"
Vanderburgh,"56,585"
Vermillion,"45,773"
Vigo,"45,975"
Wabash,"52,006"
Warren,"53,430"
Warrick,"68,264"
Washington,"49,637"
Wayne,"49,570"
Wells,"51,343"
White,"52,633"
Whitley,"55,193"
,
Iowa,"60,222"
Adair,"67,668"
Adams,"67,657"
Allamakee,"55,015"
Appanoose,"47,779"
Audubon,"69,105"
Benton,"69,430"
Black Hawk,"53,471"
Boone,"54,062"
Bremer,"59,542"
Buchanan,"60,057"
Buena Vista,"54,341"
Butler,"60,085"
Calhoun,"64,280"
Carroll,"64,755"
Cass,"59,063"
Cedar,"65,324"
Cerro Gordo,"67,777"
Cherokee,"83,241"
Chickasaw,"89,185"
Clarke,"48,316"
Clay,"61,974"
Clayton,"64,520"
Clinton,"52,629"
Crawford,"54,711"
Dallas,"79,938"
Davis,"51,702"
Decatur,"44,532"
Delaware,"60,949"
Des Moines,"60,617"
Dickinson,"74,159"
Dubuque,"60,090"
Emmet,"54,119"
Fayette,"52,666"
Floyd,"59,242"
Franklin,"65,001"
Fremont,"62,532"
Greene,"61,809"
Grundy,"65,201"
Guthrie,"68,017"
Hamilton,"63,592"
Hancock,"66,602"
Hardin,"68,981"
Harrison,"58,283"
Henry,"50,108"
Howard,"63,152"
Humboldt,"60,563"
Ida,"76,977"
Iowa,"60,646"
Jackson,"55,537"
Jasper,"50,521"
Jefferson,"54,979"
Johnson,"62,302"
Jones,"53,581"
Keokuk,"55,331"
Kossuth,"66,517"
Lee,"49,927"
Linn,"60,928"
Louisa,"52,933"
Lucas,"49,289"
Lyon,"71,805"
Madison,"58,339"
Mahaska,"51,311"
Marion,"59,714"
Marshall,"48,756"
Mills,"70,833"
Mitchell,"96,075"
Monona,"60,488"
Monroe,"54,947"
Montgomery,"50,343"
Muscatine,"54,297"
O'Brien,"64,968"
Osceola,"65,405"
Page,"53,235"
Palo Alto,"65,080"
Plymouth,"67,398"
Pocahontas,"63,470"
Polk,"62,653"
Pottawattamie,"52,369"
Poweshiek,"56,228"
Ringgold,"57,345"
Sac,"77,933"
Scott,"63,064"
Shelby,"66,542"
Sioux,"67,349"
Story,"49,748"
Tama,"57,918"
Taylor,"57,591"
Union,"50,034"
Van Buren,"47,996"
Wapello,"45,795"
Warren,"60,515"
Washington,"78,929"
Wayne,"53,155"
Webster,"53,508"
Winnebago,"55,013"
Winneshiek,"61,042"
Woodbury,"51,029"
Worth,"55,418"
Wright,"70,420"
,
Kansas,"60,424"
Allen,"46,726"
Anderson,"47,195"
Atchison,"42,910"
Barber,"50,519"
Barton,"55,270"
Bourbon,"49,749"
Brown,"47,205"
Butler,"53,632"
Chase,"59,348"
Chautauqua,"41,861"
Cherokee,"52,464"
Cheyenne,"54,530"
Clark,"58,135"
Clay,"47,517"
Cloud,"44,536"
Coffey,"55,623"
Comanche,"43,400"
Cowley,"43,664"
Crawford,"45,340"
Decatur,"60,732"
Dickinson,"47,397"
Doniphan,"47,117"
Douglas,"52,799"
Edwards,"58,536"
Elk,"39,811"
Ellis,"56,016"
Ellsworth,"45,694"
Finney,"49,645"
Ford,"47,179"
Franklin,"48,375"
Geary,"50,324"
Gove,"72,994"
Graham,"51,368"
Grant,"40,684"
Gray,"65,914"
Greeley,"88,148"
Greenwood,"42,891"
Hamilton,"79,482"
Harper,"58,307"
Harvey,"50,772"
Haskell,"59,322"
Hodgeman,"62,195"
Jackson,"49,154"
Jefferson,"53,560"
Jewell,"46,694"
Johnson,"90,503"
Kearny,"55,390"
Kingman,"49,785"
Kiowa,"43,681"
Labette,"47,816"
Lane,"71,071"
Leavenworth,"50,002"
Lincoln,"47,223"
Linn,"45,751"
Logan,"59,864"
Lyon,"46,789"
McPherson,"57,557"
Marion,"45,002"
Marshall,"45,513"
Meade,"69,285"
Miami,"59,222"
Mitchell,"63,466"
Montgomery,"43,912"
Morris,"49,627"
Morton,"40,869"
Nemaha,"59,052"
Neosho,"45,486"
Ness,"60,994"
Norton,"51,832"
Osage,"48,581"
Osborne,"49,275"
Ottawa,"48,942"
Pawnee,"43,956"
Phillips,"60,487"
Pottawatomie,"61,738"
Pratt,"53,260"
Rawlins,"76,456"
Reno,"47,727"
Republic,"46,289"
Rice,"48,402"
Riley,"50,261"
Rooks,"43,120"
Rush,"51,940"
Russell,"52,834"
Saline,"56,999"
Scott,"61,365"
Sedgwick,"59,772"
Seward,"47,415"
Shawnee,"55,466"
Sheridan,"56,637"
Sherman,"51,638"
Smith,"54,221"
Stafford,"47,665"
Stanton,"77,840"
Stevens,"50,696"
Sumner,"45,475"
Thomas,"54,673"
Trego,"53,707"
Wabaunsee,"55,871"
Wallace,"53,062"
Washington,"47,050"
Wichita,"54,687"
Wilson,"47,414"
Woodson,"39,243"
Wyandotte,"38,253"
,
Kentucky,"51,921"
Adair,"40,549"
Allen,"40,895"
Anderson,"45,566"
Ballard,"49,784"
Barren,"42,779"
Bath,"37,167"
Bell,"39,665"
Boone,"58,730"
Bourbon,"57,191"
Boyd,"45,945"
Boyle,"45,282"
Bracken,"43,677"
Breathitt,"38,326"
Breckinridge,"41,519"
Bullitt,"51,198"
Butler,"43,098"
Caldwell,"44,661"
Calloway,"43,984"
Campbell,"61,635"
Carlisle,"53,759"
Carroll,"46,390"
Carter,"38,473"
Casey,"39,572"
Christian,"42,881"
Clark,"47,562"
Clay,"37,992"
Clinton,"43,607"
Crittenden,"41,566"
Cumberland,"49,499"
Daviess,"49,179"
Edmonson,"39,810"
Elliott,"27,403"
Estill,"38,999"
Fayette,"59,641"
Fleming,"40,378"
Floyd,"43,435"
Franklin,"49,471"
Fulton,"41,030"
Gallatin,"43,018"
Garrard,"43,552"
Grant,"45,551"
Graves,"50,193"
Grayson,"41,583"
Green,"40,688"
Greenup,"47,623"
Hancock,"53,953"
Hardin,"52,724"
Harlan,"37,712"
Harrison,"42,585"
Hart,"39,663"
Henderson,"48,905"
Henry,"49,517"
Hickman,"56,507"
Hopkins,"46,836"
Jackson,"36,774"
Jefferson,"64,075"
Jessamine,"58,177"
Johnson,"39,254"
Kenton,"69,498"
Knott,"40,743"
Knox,"37,196"
Larue,"42,444"
Laurel,"40,398"
Lawrence,"37,953"
Lee,"34,518"
Leslie,"38,900"
Letcher,"39,260"
Lewis,"38,189"
Lincoln,"40,008"
Livingston,"45,791"
Logan,"44,262"
Lyon,"39,712"
McCracken,"58,253"
McCreary,"34,058"
McLean,"51,396"
Madison,"44,350"
Magoffin,"41,338"
Marion,"43,553"
Marshall,"48,444"
Martin,"31,956"
Mason,"48,132"
Meade,"46,812"
Menifee,"39,714"
Mercer,"44,293"
Metcalfe,"36,557"
Monroe,"44,662"
Montgomery,"42,403"
Morgan,"31,709"
Muhlenberg,"40,189"
Nelson,"53,328"
Nicholas,"39,341"
Ohio,"40,086"
Oldham,"76,988"
Owen,"39,525"
Owsley,"45,178"
Pendleton,"51,545"
Perry,"43,108"
Pike,"43,566"
Powell,"37,380"
Pulaski,"46,059"
Robertson,"39,346"
Rockcastle,"39,538"
Rowan,"37,407"
Russell,"50,836"
Scott,"52,623"
Shelby,"56,480"
Simpson,"43,164"
Spencer,"56,264"
Taylor,"39,822"
Todd,"47,258"
Trigg,"44,456"
Trimble,"48,335"
Union,"48,850"
Warren,"46,117"
Washington,"45,188"
Wayne,"36,768"
Webster,"49,417"
Whitley,"42,174"
Wolfe,"43,814"
Woodford,"62,468"
,
Louisiana,"54,501"
Acadia,"45,671"
Allen,"42,506"
Ascension,"60,401"
Assumption,"55,758"
Avoyelles,"43,997"
Beauregard,"50,503"
Bienville,"45,148"
Bossier,"53,254"
Caddo,"57,648"
Calcasieu,"51,528"
Caldwell,"39,823"
Cameron,"62,996"
Catahoula,"43,187"
Claiborne,"44,015"
Concordia,"41,772"
De Soto,"53,134"
East Baton Rouge,"59,982"
East Carroll,"36,012"
East Feliciana,"47,049"
Evangeline,"40,227"
Franklin,"38,874"
Grant,"37,371"
Iberia,"45,133"
Iberville,"52,199"
Jackson,"42,143"
Jefferson,"58,692"
Jefferson Davis,"48,472"
Lafayette,"58,963"
Lafourche,"52,324"
LaSalle,"37,415"
Lincoln,"47,336"
Livingston,"49,173"
Madison,"42,276"
Morehouse,"42,516"
Natchitoches,"49,209"
Orleans,"61,623"
Ouachita,"46,982"
Plaquemines,"55,606"
Pointe Coupee,"57,183"
Rapides,"53,886"
Red River,"54,295"
Richland,"44,221"
Sabine,"46,947"
St. Bernard,"41,861"
St. Charles,"57,667"
St. Helena,"45,131"
St. James,"62,685"
St. John the Baptist,"45,723"
St. Landry,"47,611"
St. Martin,"44,910"
St. Mary,"46,797"
St. Tammany,"73,697"
Tangipahoa,"47,512"
Tensas,"47,240"
Terrebonne,"48,629"
Union,"48,882"
Vermilion,"46,867"
Vernon,"47,558"
Washington,"41,376"
Webster,"49,707"
West Baton Rouge,"54,895"
West Carroll,"41,276"
West Feliciana,"45,693"
Winn,"47,514"
,
Maine,"60,599"
Androscoggin,"49,055"
Aroostook,"50,915"
Cumberland,"78,012"
Franklin,"47,120"
Hancock,"63,357"
Kennebec,"55,361"
Knox,"61,897"
Lincoln,"61,524"
Oxford,"46,450"
Penobscot,"51,998"
Piscataquis,"49,863"
Sagadahoc,"62,568"
Somerset,"47,306"
Waldo,"54,714"
Washington,"49,500"
York,"65,074"
,
Maryland,"70,228"
Allegany,"46,293"
Anne Arundel,"78,889"
Baltimore,"67,818"
Calvert,"70,717"
Caroline,"55,490"
Carroll,"71,235"
Cecil,"56,050"
Charles,"62,942"
Dorchester,"55,772"
Frederick,"72,151"
Garrett,"52,923"
Harford,"67,473"
Howard,"88,927"
Kent,"69,715"
Montgomery,"93,395"
Prince George's,"52,756"
Queen Anne's,"79,866"
St. Mary's,"66,146"
Somerset,"38,480"
Talbot,"88,449"
Washington,"53,382"
Wicomico,"46,153"
Worcester,"64,486"
Baltimore City,"59,807"
,
Massachusetts,"84,561"
Barnstable,"85,317"
Berkshire,"64,758"
Bristol,"64,103"
Dukes,"87,621"
Essex,"78,205"
Franklin,"62,944"
Hampden,"60,312"
Hampshire,"59,802"
Middlesex,"101,729"
Nantucket,"103,033"
Norfolk,"109,284"
Plymouth,"80,062"
Suffolk,"96,933"
Worcester,"64,829"
,
Michigan,"57,038"
Alcona,"49,420"
Alger,"41,171"
Allegan,"54,948"
Alpena,"48,633"
Antrim,"56,234"
Arenac,"46,696"
Baraga,"39,740"
Barry,"54,157"
Bay,"49,667"
Benzie,"54,784"
Berrien,"60,311"
Branch,"43,040"
Calhoun,"44,904"
Cass,"54,937"
Charlevoix,"66,669"
Cheboygan,"46,687"
Chippewa,"42,667"
Clare,"40,146"
Clinton,"56,814"
Crawford,"41,537"
Delta,"44,577"
Dickinson,"54,831"
Eaton,"50,934"
Emmet,"70,109"
Genesee,"47,564"
Gladwin,"43,701"
Gogebic,"47,559"
Grand Traverse,"62,089"
Gratiot,"43,159"
Hillsdale,"41,987"
Houghton,"42,862"
Huron,"56,230"
Ingham,"49,577"
Ionia,"40,963"
Iosco,"45,770"
Iron,"47,997"
Isabella,"44,825"
Jackson,"46,409"
Kalamazoo,"59,619"
Kalkaska,"42,182"
Kent,"66,975"
Keweenaw,"54,933"
Lake,"36,434"
Lapeer,"50,575"
Leelanau,"81,805"
Lenawee,"47,538"
Livingston,"69,299"
Luce,"42,206"
Mackinac,"52,074"
Macomb,"53,817"
Manistee,"45,533"
Marquette,"46,466"
Mason,"47,049"
Mecosta,"42,483"
Menominee,"47,289"
Midland,"60,842"
Missaukee,"43,667"
Monroe,"52,998"
Montcalm,"40,725"
Montmorency,"41,440"
Muskegon,"45,571"
Newaygo,"44,140"
Oakland,"84,850"
Oceana,"44,970"
Ogemaw,"41,120"
Ontonagon,"46,661"
Osceola,"44,549"
Oscoda,"40,566"
Otsego,"48,201"
Ottawa,"61,018"
Presque Isle,"46,239"
Roscommon,"43,813"
Saginaw,"47,700"
St. Clair,"52,557"
St. Joseph,"46,935"
Sanilac,"46,189"
Schoolcraft,"44,401"
Shiawassee,"47,427"
Tuscola,"43,797"
Van Buren,"49,542"
Washtenaw,"71,368"
Wayne,"48,509"
Wexford,"43,862"
,
Minnesota,"68,840"
Aitkin,"49,907"
Anoka,"60,371"
Becker,"57,505"
Beltrami,"50,351"
Benton,"54,255"
Big Stone,"70,199"
Blue Earth,"52,838"
Brown,"62,169"
Carlton,"50,247"
Carver,"87,095"
Cass,"55,921"
Chippewa,"56,075"
Chisago,"58,812"
Clay,"50,963"
Clearwater,"53,431"
Cook,"56,795"
Cottonwood,"63,158"
Crow Wing,"52,837"
Dakota,"69,984"
Dodge,"59,029"
Douglas,"62,524"
Faribault,"55,751"
Fillmore,"55,598"
Freeborn,"55,377"
Goodhue,"64,004"
Grant,"62,120"
Hennepin,"89,851"
Houston,"60,012"
Hubbard,"58,593"
Isanti,"52,421"
Itasca,"51,540"
Jackson,"63,573"
Kanabec,"49,855"
Kandiyohi,"59,505"
Kittson,"70,075"
Koochiching,"52,953"
Lac qui Parle,"69,224"
Lake,"53,022"
Lake of the Woods,"59,614"
Le Sueur,"60,691"
Lincoln,"60,496"
Lyon,"60,291"
McLeod,"57,593"
Mahnomen,"48,646"
Marshall,"75,929"
Martin,"62,814"
Meeker,"54,758"
Mille Lacs,"51,382"
Morrison,"51,545"
Mower,"53,835"
Murray,"67,739"
Nicollet,"57,972"
Nobles,"56,111"
Norman,"59,759"
Olmsted,"67,547"
Otter Tail,"56,751"
Pennington,"66,187"
Pine,"45,189"
Pipestone,"67,463"
Polk,"58,902"
Pope,"63,742"
Ramsey,"65,358"
Red Lake,"73,275"
Redwood,"74,117"
Renville,"64,443"
Rice,"53,548"
Rock,"61,054"
Roseau,"61,228"
St. Louis,"56,572"
Scott,"75,427"
Sherburne,"57,102"
Sibley,"59,859"
Stearns,"59,296"
Steele,"54,862"
Stevens,"65,210"
Swift,"66,769"
Todd,"55,702"
Traverse,"85,621"
Wabasha,"60,826"
Wadena,"46,673"
Waseca,"54,858"
Washington,"79,814"
Watonwan,"57,027"
Wilkin,"70,544"
Winona,"57,508"
Wright,"62,559"
Yellow Medicine,"66,190"
,
Mississippi,"46,370"
Adams,"45,499"
Alcorn,"44,977"
Amite,"38,352"
Attala,"42,974"
Benton,"41,473"
Bolivar,"46,870"
Calhoun,"40,370"
Carroll,"43,091"
Chickasaw,"38,994"
Choctaw,"40,869"
Claiborne,"34,993"
Clarke,"42,841"
Clay,"47,654"
Coahoma,"43,389"
Copiah,"39,091"
Covington,"44,781"
DeSoto,"52,264"
Forrest,"42,294"
Franklin,"40,035"
George,"38,730"
Greene,"32,650"
Grenada,"42,556"
Hancock,"44,384"
Harrison,"46,211"
Hinds,"46,854"
Holmes,"33,929"
Humphreys,"39,467"
Issaquena,"24,489"
Itawamba,"41,069"
Jackson,"45,912"
Jasper,"47,150"
Jefferson,"37,639"
Jefferson Davis,"36,150"
Jones,"46,073"
Kemper,"37,006"
Lafayette,"49,498"
Lamar,"48,473"
Lauderdale,"47,116"
Lawrence,"44,184"
Leake,"41,790"
Lee,"52,044"
Leflore,"46,712"
Lincoln,"44,609"
Lowndes,"48,254"
Madison,"79,410"
Marion,"41,528"
Marshall,"42,663"
Monroe,"43,389"
Montgomery,"41,475"
Neshoba,"45,615"
Newton,"40,283"
Noxubee,"40,442"
Oktibbeha,"39,127"
Panola,"40,423"
Pearl River,"43,108"
Perry,"36,322"
Pike,"36,311"
Pontotoc,"41,472"
Prentiss,"37,543"
Quitman,"38,209"
Rankin,"53,715"
Scott,"38,488"
Sharkey,"46,097"
Simpson,"45,331"
Smith,"47,234"
Stone,"39,362"
Sunflower,"34,856"
Tallahatchie,"38,454"
Tate,"43,334"
Tippah,"42,820"
Tishomingo,"42,280"
Tunica,"39,641"
Union,"40,800"
Walthall,"37,585"
Warren,"48,089"
Washington,"43,492"
Wayne,"44,185"
Webster,"43,764"
Wilkinson,"35,523"
Winston,"43,763"
Yalobusha,"41,940"
Yazoo,"34,998"
,
Missouri,"57,818"
Adair,"36,808"
Andrew,"51,102"
Atchison,"55,136"
Audrain,"44,123"
Barry,"43,879"
Barton,"43,872"
Bates,"47,420"
Benton,"43,787"
Bollinger,"45,696"
Boone,"55,395"
Buchanan,"47,415"
Butler,"43,455"
Caldwell,"45,520"
Callaway,"45,695"
Camden,"49,961"
Cape Girardeau,"49,636"
Carroll,"58,797"
Carter,"46,372"
Cass,"55,712"
Cedar,"36,483"
Chariton,"51,137"
Christian,"49,503"
Clark,"44,235"
Clay,"55,738"
Clinton,"48,009"
Cole,"56,258"
Cooper,"50,054"
Crawford,"43,825"
Dade,"42,280"
Dallas,"39,460"
Daviess,"36,926"
DeKalb,"37,167"
Dent,"41,129"
Douglas,"36,760"
Dunklin,"43,916"
Franklin,"53,957"
Gasconade,"46,910"
Gentry,"49,023"
Greene,"51,938"
Grundy,"40,595"
Harrison,"43,446"
Henry,"48,899"
Hickory,"39,084"
Holt,"60,269"
Howard,"47,809"
Howell,"40,595"
Iron,"41,712"
Jackson,"53,153"
Jasper,"44,028"
Jefferson,"51,143"
Johnson,"43,156"
Knox,"43,232"
Laclede,"43,659"
Lafayette,"50,109"
Lawrence,"40,360"
Lewis,"41,383"
Lincoln,"49,802"
Linn,"45,212"
Livingston,"47,712"
McDonald,"37,419"
Macon,"50,361"
Madison,"40,923"
Maries,"40,939"
Marion,"48,850"
Mercer,"37,419"
Miller,"43,393"
Mississippi,"42,471"
Moniteau,"47,605"
Monroe,"47,378"
Montgomery,"49,676"
Morgan,"47,574"
New Madrid,"50,951"
Newton,"46,705"
Nodaway,"41,353"
Oregon,"42,614"
Osage,"52,883"
Ozark,"39,465"
Pemiscot,"46,684"
Perry,"49,020"
Pettis,"44,298"
Phelps,"43,954"
Pike,"41,389"
Platte,"68,510"
Polk,"42,224"
Pulaski,"43,627"
Putnam,"40,728"
Ralls,"47,343"
Randolph,"48,170"
Ray,"47,520"
Reynolds,"40,496"
Ripley,"45,501"
St. Charles,"64,563"
St. Clair,"36,765"
Ste. Genevieve,"47,262"
St. Francois,"42,028"
St. Louis,"93,405"
Saline,"46,078"
Schuyler,"40,058"
Scotland,"47,207"
Scott,"50,298"
Shannon,"40,142"
Shelby,"49,093"
Stoddard,"47,705"
Stone,"46,958"
Sullivan,"42,918"
Taney,"44,933"
Texas,"36,058"
Vernon,"42,852"
Warren,"51,472"
Washington,"37,597"
Wayne,"42,370"
Webster,"41,845"
Worth,"41,738"
Wright,"38,068"
St. Louis City,"55,771"
,
Montana,"60,984"
Beaverhead,"60,928"
Big Horn,"37,312"
Blaine,"36,645"
Broadwater,"51,738"
Carbon,"68,158"
Carter,"41,675"
Cascade,"57,020"
Chouteau,"54,873"
Custer,"52,621"
Daniels,"63,950"
Dawson,"49,532"
Deer Lodge,"47,934"
Fallon,"50,398"
Fergus,"51,168"
Flathead,"63,096"
Gallatin,"80,909"
Garfield,"43,776"
Glacier,"44,512"
Golden Valley,"56,055"
Granite,"56,476"
Hill,"54,495"
Jefferson,"60,333"
Judith Basin,"53,576"
Lake,"47,554"
Lewis and Clark,"59,484"
Liberty,"73,510"
Lincoln,"44,876"
McCone,"52,988"
Madison,"72,380"
Meagher,"49,399"
Mineral,"46,543"
Missoula,"63,790"
Musselshell,"49,454"
Park,"63,173"
Petroleum,"34,027"
Phillips,"44,965"
Pondera,"60,715"
Powder River,"40,797"
Powell,"50,197"
Prairie,"52,839"
Ravalli,"60,302"
Richland,"64,385"
Roosevelt,"43,738"
Rosebud,"52,824"
Sanders,"44,425"
Sheridan,"52,985"
Silver Bow,"56,562"
Stillwater,"68,196"
Sweet Grass,"59,382"
Teton,"60,197"
Toole,"59,651"
Treasure,"51,553"
Valley,"59,582"
Wheatland,"46,650"
Wibaux,"46,540"
Yellowstone,"63,518"
,
Nebraska,"64,268"
Adams,"59,957"
Antelope,"68,854"
Arthur,"44,552"
Banner,"61,055"
Blaine,"54,658"
Boone,"63,171"
Box Butte,"55,279"
Boyd,"78,548"
Brown,"63,694"
Buffalo,"64,345"
Burt,"54,582"
Butler,"60,089"
Cass,"64,423"
Cedar,"62,600"
Chase,"72,629"
Cherry,"53,966"
Cheyenne,"50,654"
Clay,"59,478"
Colfax,"55,867"
Cuming,"75,151"
Custer,"58,535"
Dakota,"52,218"
Dawes,"45,952"
Dawson,"52,737"
Deuel,"46,682"
Dixon,"55,069"
Dodge,"59,352"
Douglas,"73,848"
Dundy,"88,332"
Fillmore,"66,187"
Franklin,"60,677"
Frontier,"53,520"
Furnas,"59,793"
Gage,"63,862"
Garden,"51,563"
Garfield,"48,806"
Gosper,"65,828"
Grant,"48,679"
Greeley,"62,337"
Hall,"54,001"
Hamilton,"66,564"
Harlan,"63,131"
Hayes,"76,360"
Hitchcock,"58,682"
Holt,"63,189"
Hooker,"43,520"
Howard,"56,410"
Jefferson,"57,442"
Johnson,"42,926"
Kearney,"68,461"
Keith,"53,846"
Keya Paha,"58,537"
Kimball,"55,137"
Knox,"58,711"
Lancaster,"60,354"
Lincoln,"64,765"
Logan,"52,787"
Loup,"63,277"
McPherson,"55,976"
Madison,"62,467"
Merrick,"55,273"
Morrill,"69,476"
Nance,"47,674"
Nemaha,"55,302"
Nuckolls,"63,433"
Otoe,"57,918"
Pawnee,"55,877"
Perkins,"86,085"
Phelps,"62,347"
Pierce,"85,508"
Platte,"56,218"
Polk,"65,211"
Red Willow,"56,193"
Richardson,"58,536"
Rock,"71,711"
Saline,"51,895"
Sarpy,"62,030"
Saunders,"65,145"
Scotts Bluff,"53,341"
Seward,"59,292"
Sheridan,"70,167"
Sherman,"56,306"
Sioux,"65,775"
Stanton,"58,387"
Thayer,"66,329"
Thomas,"66,131"
Thurston,"56,714"
Valley,"60,603"
Washington,"69,798"
Wayne,"51,794"
Webster,"56,696"
Wheeler,"56,550"
York,"60,623"
,
Nevada,"62,085"
Churchill,"54,206"
Clark,"59,150"
Douglas,"100,296"
Elko,"54,046"
Esmeralda,"60,376"
Eureka,"49,631"
Humboldt,"54,432"
Lander,"73,550"
Lincoln,"48,569"
Lyon,"46,735"
Mineral,"47,500"
Nye,"43,052"
Pershing,"39,865"
Storey,"78,007"
Washoe,"78,078"
White Pine,"57,323"
Carson City,"61,026"
,
New Hampshire,"73,910"
Belknap,"73,072"
Carroll,"71,081"
Cheshire,"62,369"
Coos,"52,438"
Grafton,"75,236"
Hillsborough,"71,761"
Merrimack,"68,713"
Rockingham,"90,689"
Strafford,"62,234"
Sullivan,"63,965"
,
New Jersey,"77,199"
Atlantic,"55,918"
Bergen,"97,138"
Burlington,"70,448"
Camden,"60,489"
Cape May,"71,590"
Cumberland,"46,791"
Essex,"75,934"
Gloucester,"62,405"
Hudson,"72,730"
Hunterdon,"102,044"
Mercer,"79,354"
Middlesex,"70,951"
Monmouth,"94,381"
Morris,"111,597"
Ocean,"59,332"
Passaic,"57,067"
Salem,"54,250"
Somerset,"110,753"
Sussex,"71,671"
Union,"76,616"
Warren,"62,921"
,
New Mexico,"52,194"
Bernalillo,"55,543"
Catron,"39,459"
Chaves,"47,792"
Cibola,"34,184"
Colfax,"50,285"
Curry,"53,676"
De Baca,"56,051"
Doña Ana,"45,361"
Eddy,"67,457"
Grant,"51,917"
Guadalupe,"42,757"
Harding,"46,185"
Hidalgo,"53,110"
Lea,"52,825"
Lincoln,"50,253"
Los Alamos,"86,598"
Luna,"37,413"
McKinley,"34,910"
Mora,"51,788"
Otero,"41,853"
Quay,"47,211"
Rio Arriba,"43,400"
Roosevelt,"49,631"
Sandoval,"53,144"
San Juan,"43,489"
San Miguel,"45,444"
Santa Fe,"74,751"
Sierra,"48,636"
Socorro,"43,237"
Taos,"46,783"
Torrance,"43,215"
Union,"43,268"
Valencia,"43,977"
,
New York,"75,407"
Albany,"73,125"
Allegany,"41,297"
Bronx,"40,691"
Broome,"48,826"
Cattaraugus,"45,575"
Cayuga,"51,714"
Chautauqua,"46,279"
Chemung,"51,630"
Chenango,"49,288"
Clinton,"51,133"
Columbia,"69,187"
Cortland,"47,648"
Delaware,"45,900"
Dutchess,"68,474"
Erie,"57,450"
Essex,"53,558"
Franklin,"49,239"
Fulton,"50,202"
Genesee,"49,259"
Greene,"56,271"
Hamilton,"54,185"
Herkimer,"49,344"
Jefferson,"51,749"
Kings,"60,153"
Lewis,"53,952"
Livingston,"50,267"
Madison,"55,924"
Monroe,"59,354"
Montgomery,"46,909"
Nassau,"99,864"
New York,"186,848"
Niagara,"51,747"
Oneida,"51,637"
Onondaga,"60,414"
Ontario,"61,885"
Orange,"58,136"
Orleans,"45,392"
Oswego,"47,279"
Otsego,"49,618"
Putnam,"80,309"
Queens,"54,261"
Rensselaer,"55,976"
Richmond,"62,469"
Rockland,"67,860"
St. Lawrence,"44,328"
Saratoga,"74,991"
Schenectady,"57,198"
Schoharie,"49,517"
Schuyler,"48,843"
Seneca,"46,607"
Steuben,"54,247"
Suffolk,"84,201"
Sullivan,"54,451"
Tioga,"50,825"
Tompkins,"51,169"
Ulster,"62,270"
Warren,"60,743"
Washington,"47,673"
Wayne,"53,837"
Westchester,"124,029"
Wyoming,"50,254"
Yates,"49,358"
,
North Carolina,"58,109"
Alamance,"48,980"
Alexander,"48,035"
Alleghany,"44,464"
Anson,"50,187"
Ashe,"44,433"
Avery,"45,653"
Beaufort,"54,554"
Bertie,"49,409"
Bladen,"48,424"
Brunswick,"58,281"
Buncombe,"61,560"
Burke,"44,631"
Cabarrus,"54,754"
Caldwell,"44,761"
Camden,"56,906"
Carteret,"63,531"
Caswell,"41,155"
Catawba,"55,223"
Chatham,"79,769"
Cherokee,"40,021"
Chowan,"51,005"
Clay,"43,753"
Cleveland,"45,126"
Columbus,"44,109"
Craven,"54,327"
Cumberland,"46,024"
Currituck,"59,381"
Dare,"76,100"
Davidson,"48,523"
Davie,"60,579"
Duplin,"52,760"
Durham,"59,070"
Edgecombe,"43,507"
Forsyth,"57,781"
Franklin,"46,330"
Gaston,"49,674"
Gates,"49,850"
Graham,"41,336"
Granville,"46,906"
Greene,"38,963"
Guilford,"55,008"
Halifax,"44,768"
Harnett,"44,192"
Haywood,"50,894"
Henderson,"55,243"
Hertford,"41,529"
Hoke,"41,181"
Hyde,"48,593"
Iredell,"64,437"
Jackson,"44,870"
Johnston,"49,672"
Jones,"48,585"
Lee,"49,622"
Lenoir,"51,039"
Lincoln,"58,227"
McDowell,"43,983"
Macon,"48,309"
Madison,"44,497"
Martin,"42,553"
Mecklenburg,"76,441"
Mitchell,"43,990"
Montgomery,"46,774"
Moore,"62,886"
Nash,"50,715"
New Hanover,"60,943"
Northampton,"47,614"
Onslow,"51,585"
Orange,"77,568"
Pamlico,"52,301"
Pasquotank,"47,234"
Pender,"49,887"
Perquimans,"53,355"
Person,"45,304"
Pitt,"53,495"
Polk,"61,494"
Randolph,"46,748"
Richmond,"46,009"
Robeson,"41,071"
Rockingham,"45,332"
Rowan,"46,990"
Rutherford,"42,525"
Sampson,"46,849"
Scotland,"41,064"
Stanly,"48,212"
Stokes,"46,391"
Surry,"48,778"
Swain,"51,517"
Transylvania,"55,406"
Tyrrell,"45,079"
Union,"67,641"
Vance,"43,356"
Wake,"76,357"
Warren,"37,601"
Washington,"45,405"
Watauga,"48,445"
Wayne,"49,370"
Wilkes,"47,495"
Wilson,"48,774"
Yadkin,"47,455"
Yancey,"42,006"
,
North Dakota,"70,360"
Adams,"58,789"
Barnes,"75,766"
Benson,"68,554"
Billings,"83,059"
Bottineau,"89,879"
Bowman,"75,059"
Burke,"102,647"
Burleigh,"71,483"
Cass,"69,087"
Cavalier,"135,571"
Dickey,"92,959"
Divide,"73,799"
Dunn,"91,714"
Eddy,"90,322"
Emmons,"93,990"
Foster,"91,480"
Golden Valley,"56,952"
Grand Forks,"61,124"
Grant,"64,280"
Griggs,"93,926"
Hettinger,"67,417"
Kidder,"83,562"
LaMoure,"94,822"
Logan,"85,398"
McHenry,"78,346"
McIntosh,"89,939"
McKenzie,"76,046"
McLean,"81,193"
Mercer,"66,227"
Morton,"60,819"
Mountrail,"81,073"
Nelson,"92,263"
Oliver,"62,844"
Pembina,"87,939"
Pierce,"74,616"
Ramsey,"68,308"
Ransom,"74,480"
Renville,"113,541"
Richland,"65,952"
Rolette,"56,996"
Sargent,"93,105"
Sheridan,"99,263"
Sioux,"38,785"
Slope,"57,137"
Stark,"67,057"
Steele,"115,546"
Stutsman,"67,944"
Towner,"119,550"
Traill,"75,372"
Walsh,"75,957"
Ward,"62,577"
Wells,"109,412"
Williams,"69,096"
,
Ohio,"57,777"
Adams,"43,431"
Allen,"50,195"
Ashland,"47,118"
Ashtabula,"46,316"
Athens,"41,866"
Auglaize,"55,857"
Belmont,"46,658"
Brown,"45,846"
Butler,"55,897"
Carroll,"47,394"
Champaign,"48,873"
Clark,"47,151"
Clermont,"62,495"
Clinton,"49,985"
Columbiana,"45,189"
Coshocton,"42,239"
Crawford,"46,572"
Cuyahoga,"63,448"
Darke,"52,673"
Defiance,"47,310"
Delaware,"88,871"
Erie,"58,855"
Fairfield,"55,015"
Fayette,"47,012"
Franklin,"59,473"
Fulton,"52,808"
Gallia,"46,079"
Geauga,"83,249"
Greene,"61,013"
Guernsey,"47,686"
Hamilton,"71,767"
Hancock,"56,761"
Hardin,"39,938"
Harrison,"46,168"
Henry,"52,388"
Highland,"44,035"
Hocking,"45,472"
Holmes,"56,133"
Huron,"47,635"
Jackson,"41,084"
Jefferson,"45,490"
Knox,"51,107"
Lake,"59,749"
Lawrence,"47,449"
Licking,"55,665"
Logan,"48,607"
Lorain,"55,441"
Lucas,"53,428"
Madison,"52,295"
Mahoning,"51,765"
Marion,"42,382"
Medina,"65,702"
Meigs,"42,061"
Mercer,"61,832"
Miami,"56,078"
Monroe,"42,173"
Montgomery,"55,114"
Morgan,"43,106"
Morrow,"47,698"
Muskingum,"49,192"
Noble,"31,123"
Ottawa,"62,480"
Paulding,"48,624"
Perry,"45,943"
Pickaway,"50,895"
Pike,"46,346"
Portage,"53,419"
Preble,"48,644"
Putnam,"59,510"
Richland,"44,998"
Ross,"44,711"
Sandusky,"48,557"
Scioto,"46,319"
Seneca,"47,563"
Shelby,"51,955"
Stark,"53,588"
Summit,"62,207"
Trumbull,"45,564"
Tuscarawas,"51,879"
Union,"69,498"
Van Wert,"49,563"
Vinton,"40,536"
Warren,"73,592"
Washington,"51,016"
Wayne,"53,174"
Williams,"48,999"
Wood,"56,011"
Wyandot,"55,488"
,
Oklahoma,"56,298"
Adair,"41,664"
Alfalfa,"41,918"
Atoka,"35,823"
Beaver,"65,651"
Beckham,"38,722"
Blaine,"50,465"
Bryan,"44,456"
Caddo,"44,315"
Canadian,"53,879"
Carter,"50,492"
Cherokee,"41,730"
Choctaw,"39,459"
Cimarron,"71,787"
Cleveland,"51,743"
Coal,"42,808"
Comanche,"47,704"
Cotton,"48,052"
Craig,"43,647"
Creek,"48,223"
Custer,"47,387"
Delaware,"43,684"
Dewey,"50,032"
Ellis,"60,331"
Garfield,"48,872"
Garvin,"49,595"
Grady,"48,140"
Grant,"49,570"
Greer,"34,048"
Harmon,"47,775"
Harper,"64,863"
Haskell,"44,146"
Hughes,"46,820"
Jackson,"48,893"
Jefferson,"40,832"
Johnston,"45,453"
Kay,"48,422"
Kingfisher,"71,911"
Kiowa,"44,612"
Latimer,"39,157"
Le Flore,"41,452"
Lincoln,"45,402"
Logan,"48,476"
Love,"43,362"
McClain,"56,086"
McCurtain,"43,860"
McIntosh,"42,837"
Major,"46,530"
Marshall,"44,911"
Mayes,"44,793"
Murray,"49,714"
Muskogee,"44,727"
Noble,"48,939"
Nowata,"44,176"
Okfuskee,"38,363"
Oklahoma,"68,047"
Okmulgee,"42,614"
Osage,"43,479"
Ottawa,"46,364"
Pawnee,"43,482"
Payne,"45,416"
Pittsburg,"42,484"
Pontotoc,"53,000"
Pottawatomie,"47,587"
Pushmataha,"39,279"
Roger Mills,"47,155"
Rogers,"52,850"
Seminole,"43,154"
Sequoyah,"43,697"
Stephens,"48,653"
Texas,"60,450"
Tillman,"34,298"
Tulsa,"70,064"
Wagoner,"49,774"
Washington,"96,408"
Washita,"40,073"
Woods,"47,818"
Woodward,"40,488"
,
Oregon,"62,303"
Baker,"48,666"
Benton,"55,325"
Clackamas,"73,129"
Clatsop,"53,788"
Columbia,"53,724"
Coos,"54,330"
Crook,"51,931"
Curry,"51,950"
Deschutes,"71,627"
Douglas,"49,440"
Gilliam,"69,112"
Grant,"51,240"
Harney,"50,016"
Hood River,"64,748"
Jackson,"57,552"
Jefferson,"43,354"
Josephine,"52,166"
Klamath,"47,244"
Lake,"46,728"
Lane,"56,188"
Lincoln,"53,494"
Linn,"52,469"
Malheur,"38,407"
Marion,"54,440"
Morrow,"55,080"
Multnomah,"69,954"
Polk,"50,295"
Sherman,"67,452"
Tillamook,"54,639"
Umatilla,"49,149"
Union,"48,999"
Wallowa,"52,699"
Wasco,"52,093"
Washington,"73,380"
Wheeler,"43,062"
Yamhill,"56,563"
,
Pennsylvania,"64,506"
Adams,"55,597"
Allegheny,"70,837"
Armstrong,"54,352"
Beaver,"54,812"
Bedford,"49,468"
Berks,"58,199"
Blair,"55,101"
Bradford,"48,206"
Bucks,"86,770"
Butler,"69,129"
Cambria,"47,971"
Cameron,"50,557"
Carbon,"58,626"
Centre,"54,686"
Chester,"101,051"
Clarion,"46,458"
Clearfield,"52,265"
Clinton,"45,878"
Columbia,"49,854"
Crawford,"47,732"
Cumberland,"65,105"
Dauphin,"57,717"
Delaware,"78,228"
Elk,"50,208"
Erie,"51,396"
Fayette,"48,259"
Forest,"28,009"
Franklin,"55,212"
Fulton,"48,013"
Greene,"49,645"
Huntingdon,"45,049"
Indiana,"45,599"
Jefferson,"47,629"
Juniata,"56,651"
Lackawanna,"54,607"
Lancaster,"63,044"
Lawrence,"50,674"
Lebanon,"56,207"
Lehigh,"62,879"
Luzerne,"50,618"
Lycoming,"49,869"
McKean,"48,797"
Mercer,"47,857"
Mifflin,"46,121"
Monroe,"52,643"
Montgomery,"93,666"
Montour,"66,122"
Northampton,"63,828"
Northumberland,"47,650"
Perry,"54,026"
Philadelphia,"56,764"
Pike,"57,038"
Potter,"48,379"
Schuylkill,"48,634"
Snyder,"51,750"
Somerset,"47,622"
Sullivan,"56,066"
Susquehanna,"58,898"
Tioga,"45,977"
Union,"51,089"
Venango,"48,663"
Warren,"49,117"
Washington,"66,276"
Wayne,"53,076"
Westmoreland,"59,493"
Wyoming,"54,361"
York,"57,321"
,
Rhode Island,"63,557"
Bristol,"88,954"
Kent,"67,068"
Newport,"84,484"
Providence,"54,527"
Washington,"81,104"
,
South Carolina,"53,618"
Abbeville,"39,840"
Aiken,"51,601"
Allendale,"40,632"
Anderson,"47,693"
Bamberg,"39,991"
Barnwell,"39,193"
Beaufort,"72,142"
Berkeley,"50,686"
Calhoun,"49,648"
Charleston,"76,546"
Cherokee,"38,740"
Chester,"41,411"
Chesterfield,"39,008"
Clarendon,"45,300"
Colleton,"42,030"
Darlington,"47,707"
Dillon,"39,114"
Dorchester,"47,775"
Edgefield,"49,139"
Fairfield,"50,074"
Florence,"52,035"
Georgetown,"57,180"
Greenville,"56,653"
Greenwood,"43,776"
Hampton,"40,380"
Horry,"46,995"
Jasper,"41,144"
Kershaw,"52,782"
Lancaster,"55,065"
Laurens,"42,725"
Lee,"40,955"
Lexington,"57,076"
McCormick,"46,096"
Marion,"41,108"
Marlboro,"37,831"
Newberry,"47,464"
Oconee,"54,415"
Orangeburg,"41,090"
Pickens,"45,835"
Richland,"53,963"
Saluda,"43,883"
Spartanburg,"52,621"
Sumter,"46,582"
Union,"38,157"
Williamsburg,"38,446"
York,"58,987"
,
South Dakota,"68,176"
Aurora,"58,948"
Beadle,"58,281"
Bennett,"48,569"
Bon Homme,"54,418"
Brookings,"56,045"
Brown,"71,674"
Brule,"64,369"
Buffalo,"35,370"
Butte,"47,783"
Campbell,"81,416"
Charles Mix,"54,004"
Clark,"76,807"
Clay,"48,546"
Codington,"67,583"
Corson,"41,392"
Custer,"62,654"
Davison,"62,232"
Day,"71,544"
Deuel,"65,682"
Dewey,"54,444"
Douglas,"73,836"
Edmunds,"92,309"
Fall River,"54,586"
Faulk,"88,554"
Grant,"70,668"
Gregory,"60,858"
Haakon,"78,044"
Hamlin,"63,720"
Hand,"85,667"
Hanson,"78,530"
Harding,"51,414"
Hughes,"63,992"
Hutchinson,"73,183"
Hyde,"80,033"
Jackson,"44,228"
Jerauld,"73,021"
Jones,"79,312"
Kingsbury,"74,014"
Lake,"73,379"
Lawrence,"67,931"
Lincoln,"83,363"
Lyman,"57,855"
McCook,"73,362"
McPherson,"72,524"
Marshall,"74,536"
Meade,"53,401"
Mellette,"45,401"
Miner,"72,595"
Minnehaha,"71,922"
Moody,"66,475"
Oglala Lakota,"35,687"
Pennington,"69,134"
Perkins,"54,196"
Potter,"84,510"
Roberts,"52,261"
Sanborn,"63,968"
Spink,"86,870"
Stanley,"82,109"
Sully,"101,788"
Todd,"35,847"
Tripp,"65,722"
Turner,"70,953"
Union,"121,722"
Walworth,"62,647"
Yankton,"68,105"
Ziebach,"33,700"
,
Tennessee,"58,292"
Anderson,"51,436"
Bedford,"47,337"
Benton,"40,859"
Bledsoe,"34,832"
Blount,"53,332"
Bradley,"47,123"
Campbell,"42,051"
Cannon,"43,976"
Carroll,"40,544"
Carter,"40,378"
Cheatham,"55,260"
Chester,"40,686"
Claiborne,"42,082"
Clay,"41,427"
Cocke,"40,741"
Coffee,"46,910"
Crockett,"47,217"
Cumberland,"44,540"
Davidson,"85,551"
Decatur,"49,250"
DeKalb,"48,289"
Dickson,"51,658"
Dyer,"50,874"
Fayette,"73,510"
Fentress,"41,694"
Franklin,"46,514"
Gibson,"46,051"
Giles,"44,637"
Grainger,"42,408"
Greene,"42,279"
Grundy,"38,468"
Hamblen,"46,766"
Hamilton,"60,691"
Hancock,"31,828"
Hardeman,"34,765"
Hardin,"44,281"
Hawkins,"41,134"
Haywood,"37,528"
Henderson,"46,223"
Henry,"52,325"
Hickman,"42,564"
Houston,"39,189"
Humphreys,"44,563"
Jackson,"37,237"
Jefferson,"44,816"
Johnson,"38,528"
Knox,"63,494"
Lake,"30,404"
Lauderdale,"39,705"
Lawrence,"42,177"
Lewis,"41,666"
Lincoln,"48,759"
Loudon,"67,088"
McMinn,"43,418"
McNairy,"38,355"
Macon,"39,855"
Madison,"52,286"
Marion,"47,613"
Marshall,"48,222"
Maury,"52,957"
Meigs,"39,849"
Monroe,"41,401"
Montgomery,"48,938"
Moore,"48,630"
Morgan,"36,995"
Obion,"48,988"
Overton,"39,441"
Perry,"35,513"
Pickett,"41,868"
Polk,"40,771"
Putnam,"48,280"
Rhea,"43,403"
Roane,"50,192"
Robertson,"52,328"
Rutherford,"51,672"
Scott,"37,462"
Sequatchie,"46,061"
Sevier,"52,561"
Shelby,"58,736"
Smith,"48,048"
Stewart,"48,646"
Sullivan,"51,090"
Sumner,"62,345"
Tipton,"48,866"
Trousdale,"37,478"
Unicoi,"42,425"
Union,"40,862"
Van Buren,"35,966"
Warren,"41,807"
Washington,"53,392"
Wayne,"36,538"
Weakley,"45,738"
White,"41,483"
Williamson,"119,937"
Wilson,"65,138"
,
Texas,"62,586"
Anderson,"43,870"
Andrews,"54,323"
Angelina,"47,281"
Aransas,"64,072"
Archer,"62,096"
Armstrong,"58,556"
Atascosa,"45,800"
Austin,"61,630"
Bailey,"52,520"
Bandera,"59,272"
Bastrop,"44,607"
Baylor,"60,988"
Bee,"34,707"
Bell,"49,416"
Bexar,"52,583"
Blanco,"74,566"
Borden,"115,928"
Bosque,"52,462"
Bowie,"50,089"
Brazoria,"57,644"
Brazos,"47,576"
Brewster,"58,166"
Briscoe,"54,793"
Brooks,"42,727"
Brown,"46,833"
Burleson,"55,784"
Burnet,"64,561"
Caldwell,"40,393"
Calhoun,"66,526"
Callahan,"50,812"
Cameron,"37,325"
Camp,"50,195"
Carson,"47,777"
Cass,"47,273"
Castro,"86,577"
Chambers,"61,694"
Cherokee,"43,397"
Childress,"44,097"
Clay,"52,317"
Cochran,"40,047"
Coke,"51,161"
Coleman,"57,256"
Collin,"82,593"
Collingsworth,"46,489"
Colorado,"61,594"
Comal,"75,074"
Comanche,"53,063"
Concho,"37,247"
Cooke,"61,073"
Coryell,"36,504"
Cottle,"87,359"
Crane,"53,228"
Crockett,"62,104"
Crosby,"44,883"
Culberson,"82,056"
Dallam,"69,968"
Dallas,"75,585"
Dawson,"48,456"
Deaf Smith,"65,927"
Delta,"46,433"
Denton,"74,412"
DeWitt,"71,119"
Dickens,"47,900"
Dimmit,"53,857"
Donley,"46,854"
Duval,"47,149"
Eastland,"55,905"
Ector,"55,448"
Edwards,"66,179"
Ellis,"55,479"
El Paso,"44,198"
Erath,"50,567"
Falls,"42,198"
Fannin,"47,129"
Fayette,"70,239"
Fisher,"53,908"
Floyd,"45,025"
Foard,"69,100"
Fort Bend,"70,390"
Franklin,"57,593"
Freestone,"44,999"
Frio,"37,455"
Gaines,"46,925"
Galveston,"61,246"
Garza,"32,823"
Gillespie,"84,525"
Glasscock,"122,894"
Goliad,"57,304"
Gonzales,"66,727"
Gray,"46,626"
Grayson,"53,393"
Gregg,"55,961"
Grimes,"42,212"
Guadalupe,"53,788"
Hale,"41,725"
Hall,"39,174"
Hamilton,"64,110"
Hansford,"78,201"
Hardeman,"56,738"
Hardin,"54,635"
Harris,"69,154"
Harrison,"48,480"
Hartley,"89,126"
Haskell,"50,550"
Hays,"60,097"
Hemphill,"74,044"
Henderson,"49,177"
Hidalgo,"33,525"
Hill,"49,859"
Hockley,"48,167"
Hood,"63,641"
Hopkins,"53,470"
Houston,"50,323"
Howard,"56,531"
Hudspeth,"35,317"
Hunt,"47,938"
Hutchinson,"47,553"
Irion,"80,335"
Jack,"46,241"
Jackson,"48,635"
Jasper,"51,346"
Jeff Davis,"59,491"
Jefferson,"48,131"
Jim Hogg,"40,561"
Jim Wells,"48,093"
Johnson,"52,837"
Jones,"39,944"
Karnes,"81,179"
Kaufman,"52,659"
Kendall,"106,508"
Kenedy,"38,232"
Kent,"63,719"
Kerr,"64,198"
Kimble,"54,393"
King,"113,494"
Kinney,"40,805"
Kleberg,"45,342"
Knox,"51,914"
Lamar,"51,725"
Lamb,"55,408"
Lampasas,"59,799"
La Salle,"51,175"
Lavaca,"65,573"
Lee,"57,356"
Leon,"56,807"
Liberty,"42,422"
Limestone,"46,998"
Lipscomb,"116,640"
Live Oak,"46,246"
Llano,"64,044"
Loving,"141,373"
Lubbock,"52,437"
Lynn,"50,883"
McCulloch,"47,915"
McLennan,"50,284"
McMullen,"118,594"
Madison,"41,086"
Marion,"49,638"
Martin,"98,858"
Mason,"54,945"
Matagorda,"50,360"
Maverick,"38,524"
Medina,"50,032"
Menard,"46,018"
Midland,"145,089"
Milam,"46,561"
Mills,"51,682"
Mitchell,"37,064"
Montague,"46,232"
Montgomery,"76,043"
Moore,"58,176"
Morris,"49,265"
Motley,"40,718"
Nacogdoches,"48,815"
Navarro,"45,130"
Newton,"43,629"
Nolan,"51,887"
Nueces,"55,720"
Ochiltree,"60,268"
Oldham,"76,667"
Orange,"50,170"
Palo Pinto,"51,742"
Panola,"56,986"
Parker,"69,926"
Parmer,"67,989"
Pecos,"44,746"
Polk,"47,150"
Potter,"56,298"
Presidio,"57,437"
Rains,"41,104"
Randall,"57,896"
Reagan,"65,247"
Real,"57,873"
Red River,"53,452"
Reeves,"61,533"
Refugio,"54,380"
Roberts,"54,010"
Robertson,"53,842"
Rockwall,"75,860"
Runnels,"51,902"
Rusk,"45,701"
Sabine,"46,247"
San Augustine,"57,147"
San Jacinto,"44,653"
San Patricio,"50,872"
San Saba,"42,336"
Schleicher,"55,694"
Scurry,"48,508"
Shackelford,"105,536"
Shelby,"65,464"
Sherman,"103,517"
Smith,"66,784"
Somervell,"58,361"
Starr,"31,643"
Stephens,"46,860"
Sterling,"66,779"
Stonewall,"88,796"
Sutton,"69,018"
Swisher,"71,381"
Tarrant,"61,962"
Taylor,"55,572"
Terrell,"60,140"
Terry,"43,143"
Throckmorton,"46,683"
Titus,"51,901"
Tom Green,"63,022"
Travis,"85,930"
Trinity,"46,390"
Tyler,"42,946"
Upshur,"45,279"
Upton,"71,755"
Uvalde,"52,767"
Val Verde,"47,904"
Van Zandt,"45,722"
Victoria,"59,030"
Walker,"33,631"
Waller,"51,670"
Ward,"58,879"
Washington,"73,301"
Webb,"40,873"
Wharton,"51,481"
Wheeler,"47,189"
Wichita,"50,979"
Wilbarger,"56,057"
Willacy,"34,925"
Williamson,"67,083"
Wilson,"56,660"
Winkler,"67,488"
Wise,"55,410"
Wood,"48,899"
Yoakum,"49,438"
Young,"63,031"
Zapata,"33,076"
Zavala,"43,549"
,
Utah,"59,457"
Beaver,"47,664"
Box Elder,"46,425"
Cache,"48,469"
Carbon,"45,308"
Daggett,"46,786"
Davis,"58,147"
Duchesne,"45,820"
Emery,"39,565"
Garfield,"55,775"
Grand,"69,962"
Iron,"39,616"
Juab,"49,197"
Kane,"51,164"
Millard,"47,223"
Morgan,"68,196"
Piute,"65,332"
Rich,"45,226"
Salt Lake,"66,326"
San Juan,"35,597"
Sanpete,"42,023"
Sevier,"43,272"
Summit,"225,996"
Tooele,"46,657"
Uintah,"36,463"
Utah,"53,812"
Wasatch,"82,840"
Washington,"50,746"
Wayne,"50,646"
Weber,"51,138"
,
Vermont,"63,039"
Addison,"62,065"
Bennington,"60,136"
Caledonia,"50,508"
Chittenden,"70,571"
Essex,"45,397"
Franklin,"55,989"
Grand Isle,"71,245"
Lamoille,"64,041"
Orange,"56,029"
Orleans,"53,215"
Rutland,"58,596"
Washington,"69,232"
Windham,"56,923"
Windsor,"67,971"
,
Virginia,"68,985"
Accomack,"54,153"
Amelia,"52,977"
Amherst,"44,723"
Appomattox,"45,951"
Arlington,"112,313"
Bath,"74,728"
Bedford,"54,837"
Bland,"42,629"
Botetourt,"59,504"
Brunswick,"41,082"
Buchanan,"45,289"
Buckingham,"37,877"
Caroline,"51,500"
Charles City,"57,151"
Charlotte,"45,263"
Chesterfield,"64,035"
Clarke,"77,961"
Craig,"47,392"
Culpeper,"55,962"
Cumberland,"46,446"
Dickenson,"41,038"
Essex,"51,690"
Fauquier,"82,872"
Floyd,"48,912"
Fluvanna,"53,333"
Franklin,"52,577"
Giles,"49,522"
Gloucester,"57,498"
Goochland,"116,296"
Grayson,"38,942"
Greene,"51,629"
Halifax,"44,509"
Hanover,"72,302"
Henrico,"76,976"
Highland,"50,481"
Isle of Wight,"63,847"
King and Queen,"55,304"
King George,"64,018"
King William,"54,612"
Lancaster,"72,524"
Lee,"38,552"
Loudoun,"96,862"
Louisa,"50,730"
Lunenburg,"38,986"
Madison,"56,535"
Mathews,"67,870"
Mecklenburg,"45,526"
Middlesex,"60,298"
Nelson,"64,673"
New Kent,"102,849"
Northampton,"64,220"
Northumberland,"61,421"
Nottoway,"44,913"
Orange,"58,942"
Page,"49,085"
Patrick,"40,272"
Powhatan,"67,908"
Prince Edward,"39,525"
Pulaski,"48,108"
Rappahannock,"79,425"
Richmond,"42,685"
Russell,"40,218"
Scott,"39,605"
Shenandoah,"56,745"
Smyth,"44,461"
Stafford,"65,233"
Surry,"52,428"
Sussex,"37,755"
Tazewell,"43,986"
Warren,"56,144"
Westmoreland,"50,626"
Wythe,"44,566"
Independent cities:,
Alexandria,"105,239"
Chesapeake,"58,478"
Hampton,"48,525"
Newport News,"46,873"
Norfolk,"47,898"
Portsmouth,"46,025"
Richmond,"71,174"
Roanoke,"50,807"
Suffolk,"60,770"
Virginia Beach,"65,986"
Combination areas2:,
Albemarle + Charlottesville,"91,201"
Alleghany + Covington,"46,250"
"Augusta, Staunton + Waynesboro","52,910"
Campbell + Lynchburg,"45,413"
Carroll + Galax,"44,770"
"Dinwiddie, Colonial Heights + Petersburg","45,870"
"Fairfax, Fairfax City + Falls Church","101,400"
Frederick + Winchester,"62,259"
Greensville + Emporia,"39,233"
Henry + Martinsville,"47,455"
James City + Williamsburg,"75,891"
Montgomery + Radford,"45,379"
Pittsylvania + Danville,"44,986"
Prince George + Hopewell,"39,733"
"Prince William, Manassas + Manassas Park","63,701"
Roanoke + Salem,"59,109"
"Rockbridge, Buena Vista + Lexington","48,356"
Rockingham + Harrisonburg,"51,466"
Southampton + Franklin,"50,266"
Spotsylvania + Fredericksburg,"62,617"
Washington + Bristol,"46,706"
Wise + Norton,"41,103"
York + Poquoson,"67,917"
,
Washington,"75,332"
Adams,"47,933"
Asotin,"54,340"
Benton,"54,454"
Chelan,"62,685"
Clallam,"55,566"
Clark,"65,522"
Columbia,"62,566"
Cowlitz,"54,630"
Douglas,"49,114"
Ferry,"44,144"
Franklin,"46,072"
Garfield,"58,112"
Grant,"48,963"
Grays Harbor,"46,878"
Island,"65,564"
Jefferson,"62,898"
King,"113,819"
Kitsap,"68,198"
Kittitas,"55,076"
Klickitat,"53,305"
Lewis,"52,769"
Lincoln,"51,953"
Mason,"51,375"
Okanogan,"49,552"
Pacific,"46,498"
Pend Oreille,"48,892"
Pierce,"59,986"
San Juan,"89,744"
Skagit,"62,915"
Skamania,"62,472"
Snohomish,"69,010"
Spokane,"54,223"
Stevens,"46,750"
Thurston,"59,697"
Wahkiakum,"50,372"
Walla Walla,"55,436"
Whatcom,"58,993"
Whitman,"46,672"
Yakima,"49,266"
,
West Virginia,"49,993"
Barbour,"40,399"
Berkeley,"52,264"
Boone,"41,275"
Braxton,"40,079"
Brooke,"50,324"
Cabell,"51,125"
Calhoun,"40,741"
Clay,"38,450"
Doddridge,"39,087"
Fayette,"44,814"
Gilmer,"35,411"
Grant,"46,333"
Greenbrier,"47,304"
Hampshire,"46,303"
Hancock,"50,824"
Hardy,"43,795"
Harrison,"59,058"
Jackson,"45,467"
Jefferson,"63,434"
Kanawha,"57,174"
Lewis,"43,632"
Lincoln,"36,763"
Logan,"42,308"
McDowell,"34,283"
Marion,"48,998"
Marshall,"48,766"
Mason,"42,115"
Mercer,"44,763"
Mineral,"48,818"
Mingo,"36,646"
Monongalia,"55,218"
Monroe,"40,382"
Morgan,"45,105"
Nicholas,"40,599"
Ohio,"66,701"
Pendleton,"54,365"
Pleasants,"49,208"
Pocahontas,"50,751"
Preston,"42,407"
Putnam,"55,827"
Raleigh,"48,285"
Randolph,"45,636"
Ritchie,"54,852"
Roane,"39,056"
Summers,"43,026"
Taylor,"49,161"
Tucker,"55,157"
Tyler,"56,445"
Upshur,"41,230"
Wayne,"41,922"
Webster,"32,597"
Wetzel,"45,280"
Wirt,"39,663"
Wood,"58,325"
Wyoming,"35,181"
,
Wisconsin,"61,475"
Adams,"44,696"
Ashland,"46,014"
Barron,"58,029"
Bayfield,"52,963"
Brown,"62,519"
Buffalo,"55,319"
Burnett,"48,081"
Calumet,"58,999"
Chippewa,"54,474"
Clark,"51,365"
Columbia,"61,542"
Crawford,"50,741"
Dane,"73,726"
Dodge,"52,398"
Door,"71,130"
Douglas,"49,469"
Dunn,"49,324"
Eau Claire,"57,320"
Florence,"62,285"
Fond du Lac,"58,204"
Forest,"45,248"
Grant,"52,264"
Green,"61,416"
Green Lake,"51,819"
Iowa,"58,797"
Iron,"53,626"
Jackson,"50,097"
Jefferson,"55,023"
Juneau,"46,696"
Kenosha,"58,255"
Kewaunee,"57,770"
La Crosse,"60,463"
Lafayette,"52,048"
Langlade,"50,852"
Lincoln,"53,038"
Manitowoc,"54,592"
Marathon,"59,949"
Marinette,"52,260"
Marquette,"49,041"
Menominee,"41,435"
Milwaukee,"56,188"
Monroe,"50,008"
Oconto,"53,823"
Oneida,"56,013"
Outagamie,"60,352"
Ozaukee,"99,817"
Pepin,"60,146"
Pierce,"58,338"
Polk,"54,302"
Portage,"54,375"
Price,"51,846"
Racine,"57,574"
Richland,"51,382"
Rock,"52,517"
Rusk,"52,712"
St. Croix,"67,477"
Sauk,"62,052"
Sawyer,"50,990"
Shawano,"50,444"
Sheboygan,"60,359"
Taylor,"50,045"
Trempealeau,"51,281"
Vernon,"50,622"
Vilas,"59,807"
Walworth,"62,828"
Washburn,"55,362"
Washington,"68,705"
Waukesha,"87,582"
Waupaca,"54,632"
Waushara,"46,697"
Winnebago,"56,878"
Wood,"53,162"
,
Wyoming,"73,248"
Albany,"50,632"
Big Horn,"46,614"
Campbell,"56,374"
Carbon,"67,105"
Converse,"65,733"
Crook,"57,399"
Fremont,"52,497"
Goshen,"50,629"
Hot Springs,"71,070"
Johnson,"61,956"
Laramie,"59,148"
Lincoln,"63,195"
Natrona,"68,472"
Niobrara,"55,166"
Park,"65,164"
Platte,"55,397"
Sheridan,"66,790"
Sublette,"61,584"
Sweetwater,"58,374"
Teton,"406,054"
Uinta,"44,775"
Washakie,"55,288"
Weston,"50,987"
"1. Per capita personal income was computed using U.S. Census Bureau midyear population estimates for 2020 through 2022, released in March 2023.",
"2. Virginia combination areas consist of 1 or 2 independent cities with populations of less than 100,000 combined with an adjacent county. The county name appears first, followed by the city name(s). Separate estimates for the jurisdictions making up the combination areas are not available.",
U.S. Bureau of Economic Analysis,